City_ID,City,Country,Lat,Lng,Max Temp,Humidity,Cloudiness,Wind Speed,Current Description
0,Barrow,US,71.2906,-156.7887,-3.98,77,0,20.71,haze
1,Ushuaia,AR,-54.8,-68.3,55.02,81,100,9.22,overcast clouds
2,Maloy,NO,61.9353,5.1136,42.73,75,100,8.16,overcast clouds
3,Saskylakh,RU,71.9167,114.0833,-21.5,100,100,3.02,overcast clouds
4,Umm Kaddadah,SD,13.6017,26.6876,78.12,10,19,18.37,few clouds
5,Nikolskoye,RU,59.7035,30.7861,28.87,89,100,19.13,light snow
6,Nortelandia,BR,-14.4547,-56.8028,79.23,80,97,5.57,overcast clouds
7,Upington,ZA,-28.4478,21.2561,88.18,18,20,8.05,few clouds
8,Walvis Bay,NA,-22.9575,14.5053,62.1,66,28,11.18,scattered clouds
9,Port Elizabeth,ZA,-33.918,25.5701,67.1,84,20,10.36,few clouds
10,Busselton,AU,-33.65,115.3333,64.27,90,100,17.11,overcast clouds
11,Esperance,AU,-33.8667,121.9,67.77,81,100,3.89,overcast clouds
12,Erenhot,CN,43.6475,111.9767,28.15,26,4,10.0,clear sky
13,Punta Arenas,CL,-53.15,-70.9167,53.62,66,100,8.05,overcast clouds
14,Port Alfred,ZA,-33.5906,26.891,67.17,82,100,3.0,overcast clouds
15,Pangnirtung,CA,66.1451,-65.7125,24.8,63,100,14.97,overcast clouds
16,Gore,NZ,-46.1028,168.9436,46.06,99,16,1.3,few clouds
17,Qui Nhon,VN,13.7667,109.2333,79.12,91,20,3.58,few clouds
18,Rikitea,PF,-23.1203,-134.9692,78.76,75,4,13.38,clear sky
19,Hermanus,ZA,-34.4187,19.2345,69.8,64,4,19.22,clear sky
20,Port-Gentil,GA,-0.7193,8.7815,82.31,81,100,12.39,moderate rain
21,Geraldton,AU,-28.7667,114.6,73.81,88,40,4.61,scattered clouds
22,Bambous Virieux,MU,-20.3428,57.7575,81.21,83,40,4.61,scattered clouds
23,Provideniya,RU,64.3833,-173.3,11.68,97,100,2.84,overcast clouds
24,Touros,BR,-5.1989,-35.4608,86.54,62,92,12.3,light rain
25,Omsukchan,RU,62.5333,155.8,-4.5,97,100,3.91,overcast clouds
26,Cape Town,ZA,-33.9258,18.4232,76.12,60,0,14.97,clear sky
27,Goderich,CA,43.7501,-81.7165,34.92,86,99,17.27,overcast clouds
28,Moerai,PF,-22.4333,-151.3333,79.84,78,91,9.31,light rain
29,Barcelos,PT,41.5388,-8.6151,67.84,59,85,4.09,overcast clouds
30,Bredasdorp,ZA,-34.5322,20.0403,66.97,65,53,15.7,broken clouds
31,Bluff,NZ,-46.6,168.3333,54.64,82,18,3.02,few clouds
32,Bethel,US,41.3712,-73.414,52.16,60,87,8.99,overcast clouds
33,Enterprise,US,36.0252,-115.2419,76.86,20,40,3.44,scattered clouds
34,Jamestown,US,42.097,-79.2353,37.51,49,100,13.8,overcast clouds
35,Buedu,SL,8.2803,-10.3719,88.99,50,100,1.92,overcast clouds
36,Mataura,NZ,-46.1927,168.8643,46.67,99,22,1.39,few clouds
37,Ponta Do Sol,PT,32.6667,-17.1,68.05,79,100,13.73,overcast clouds
38,Gweta,BW,-20.1833,25.2333,83.37,46,91,4.25,overcast clouds
39,Norman Wells,CA,65.282,-126.8329,-3.96,65,20,3.44,few clouds
40,Albany,US,42.6001,-73.9662,47.44,62,100,1.99,overcast clouds
41,Hobart,AU,-42.8794,147.3294,59.25,93,75,4.61,broken clouds
42,Maniitsoq,GL,65.4167,-52.9,23.25,70,90,5.03,overcast clouds
43,Kaitangata,NZ,-46.2817,169.8464,49.21,96,55,3.51,broken clouds
44,Hirara,JP,24.8,125.2833,70.11,90,99,19.35,overcast clouds
45,Trincomalee,LK,8.5711,81.2335,81.81,79,5,8.79,clear sky
46,Avarua,CK,-21.2078,-159.775,75.25,94,40,4.61,light rain
47,Atuona,PF,-9.8,-139.0333,78.85,77,95,15.39,overcast clouds
48,Vila,PT,42.0304,-8.1588,57.7,54,99,3.85,overcast clouds
49,Caribou,US,46.8606,-68.012,37.26,79,100,4.0,overcast clouds
50,Klaksvik,FO,62.2266,-6.589,47.32,83,100,19.42,overcast clouds
51,Ponta Delgada,PT,37.7333,-25.6667,59.72,94,75,17.27,broken clouds
52,Gaogou,CN,34.0175,119.1886,50.2,68,96,9.01,overcast clouds
53,Doong,PH,11.0786,123.6395,83.05,76,83,11.45,broken clouds
54,Half Moon Bay,US,37.4636,-122.4286,58.05,86,100,5.75,mist
55,Tiksi,RU,71.6872,128.8694,-12.84,100,100,3.13,overcast clouds
56,Salalah,OM,17.0151,54.0924,80.76,41,4,2.48,clear sky
57,Saint-Pierre,RE,-21.3393,55.4781,80.28,73,75,2.3,broken clouds
58,Marawi,PH,7.9986,124.2928,68.72,97,100,0.45,moderate rain
59,Pinega,RU,64.7001,43.3936,22.48,93,100,18.21,snow
60,East London,ZA,-33.0153,27.9116,65.34,88,75,5.75,broken clouds
61,Kapaa,US,22.0752,-159.319,70.12,76,75,16.11,broken clouds
62,Kieta,PG,-6.2167,155.6333,75.76,93,100,1.57,light rain
63,Bure,ET,10.7,37.0667,76.39,23,75,8.52,broken clouds
64,Victoria,HK,22.2855,114.1577,78.94,91,28,10.0,scattered clouds
65,Puerto Ayora,EC,-0.7393,-90.3518,84.16,76,100,9.28,light rain
66,Umm Lajj,SA,25.0213,37.2685,69.91,58,0,26.84,clear sky
67,Saint George,US,37.1041,-113.5841,57.79,24,0,0.0,clear sky
68,Vardo,NO,70.3705,31.1107,26.37,68,100,34.65,light snow
69,Nome,US,64.5011,-165.4064,4.1,85,0,4.61,clear sky
70,Aykhal,RU,66.0,111.5,3.43,100,99,3.83,overcast clouds
71,Namwala,ZM,-15.7504,26.4384,76.1,75,69,1.95,light rain
72,Brae,GB,60.3964,-1.353,49.3,86,97,12.3,overcast clouds
73,Port Hueneme,US,34.1478,-119.1951,68.52,89,100,4.61,mist
74,Sarapul,RU,56.4763,53.7978,33.12,90,100,16.84,overcast clouds
75,Gizo,SB,-8.103,156.8419,79.52,83,99,9.66,light rain
76,Constitucion,CL,-35.3333,-72.4167,61.93,67,76,8.32,broken clouds
77,Richards Bay,ZA,-28.783,32.0377,72.45,83,100,3.76,light rain
78,Castrillon,ES,43.3979,-6.7922,60.66,67,91,4.16,overcast clouds
79,Qaqortoq,GL,60.7167,-46.0333,29.16,55,1,3.78,clear sky
80,Alekseyevsk,RU,57.8406,108.3492,18.66,96,100,4.76,overcast clouds
81,Changji,CN,44.0167,87.3167,48.99,40,0,2.24,clear sky
82,Khatanga,RU,71.9667,102.5,-11.65,99,35,6.6,scattered clouds
83,Mahebourg,MU,-20.4081,57.7,81.25,83,40,4.61,scattered clouds
84,Fulton,US,33.7668,-84.4499,59.94,31,0,20.71,clear sky
85,Nabire,ID,-3.3667,135.4833,74.61,94,76,2.8,light rain
86,Butaritari,KI,3.0707,172.7902,80.11,75,100,12.06,overcast clouds
87,Talnakh,RU,69.4865,88.3972,20.21,76,100,6.6,overcast clouds
88,Annau,TM,37.8876,58.516,53.1,58,75,4.61,broken clouds
89,Honningsvag,NO,70.9821,25.9704,26.35,68,75,24.16,broken clouds
90,Thayetmyo,MM,19.3167,95.1833,83.34,56,3,8.84,clear sky
91,Hithadhoo,MV,-0.6,73.0833,83.89,68,7,13.67,clear sky
92,Mount Gambier,AU,-37.8333,140.7667,46.31,100,100,0.0,fog
93,Jishou,CN,28.3167,109.7167,51.49,94,100,2.28,overcast clouds
94,Georgetown,MY,5.4112,100.3354,84.13,88,20,3.44,moderate rain
95,Andenes,NO,69.3143,16.1194,28.92,86,75,19.57,light snow
96,Faya,SA,18.3851,42.4509,64.51,53,0,3.94,clear sky
97,Salinopolis,BR,-0.6136,-47.3561,80.92,82,100,8.52,light rain
98,Bulungu,CD,-4.55,18.6,85.89,64,97,1.9,overcast clouds
99,Airai,TL,-8.9266,125.4092,59.74,93,70,0.83,broken clouds
100,Baracoa,CU,20.3467,-74.4958,83.73,60,44,4.72,scattered clouds
101,Santa Maria,BR,-29.6842,-53.8069,67.3,68,75,12.66,broken clouds
102,Kavieng,PG,-2.5744,150.7967,81.79,76,97,7.96,overcast clouds
103,Bathsheba,BB,13.2167,-59.5167,84.81,61,40,19.57,scattered clouds
104,Broken Hill,AU,-31.95,141.4333,69.78,46,33,8.75,scattered clouds
105,Hilo,US,19.7297,-155.09,68.25,91,100,6.91,light rain
106,Lerwick,GB,60.1545,-1.1494,48.2,86,96,12.59,overcast clouds
107,Coquimbo,CL,-29.9533,-71.3436,62.33,77,100,8.05,overcast clouds
108,Sao Filipe,CV,14.8961,-24.4956,70.83,74,50,12.03,scattered clouds
109,Doha,QA,25.2867,51.5333,73.38,40,0,19.57,clear sky
110,Weligama,LK,5.9667,80.4167,78.53,81,18,4.14,few clouds
111,Lorengau,PG,-2.0226,147.2712,81.14,77,95,7.52,overcast clouds
112,Bela,IN,25.9333,81.9833,83.21,9,0,8.37,clear sky
113,Taoudenni,ML,22.6783,-3.9836,93.25,10,55,3.56,broken clouds
114,Dzerzhinskoye,RU,56.8344,95.2283,21.65,78,76,14.5,broken clouds
115,Nara,JP,34.6851,135.8049,59.92,95,100,2.44,light rain
116,Paracatu,BR,-17.2222,-46.8747,88.07,37,62,5.44,broken clouds
117,Mandalgovi,MN,45.7625,106.2708,25.05,21,0,14.63,clear sky
118,Ahipara,NZ,-35.1667,173.1667,60.8,82,1,7.4,clear sky
119,Santa Ana,US,33.7456,-117.8678,73.56,84,100,3.44,haze
120,Samarai,PG,-10.6167,150.6667,81.34,76,100,1.74,overcast clouds
121,Dikson,RU,73.5069,80.5464,-1.48,85,100,11.77,overcast clouds
122,Nanortalik,GL,60.1432,-45.2371,29.61,77,0,10.11,clear sky
123,Adolfo Lopez Mateos,MX,28.4667,-107.3,59.94,10,98,2.46,overcast clouds
124,Lamu,KE,-2.2717,40.902,80.87,85,34,11.23,scattered clouds
125,Puerto Madryn,AR,-42.7692,-65.0385,73.49,27,50,22.55,scattered clouds
126,Salisbury,GB,51.0693,-1.7957,63.97,34,2,16.11,clear sky
127,Ribeira Grande,PT,38.5167,-28.7,57.6,88,75,13.8,mist
128,Kawai,JP,34.2333,135.85,51.84,98,100,5.26,light rain
129,Jieshi,CN,22.8134,115.8257,73.94,95,66,4.68,broken clouds
130,Athabasca,CA,54.7169,-113.2854,14.41,91,100,10.31,light snow
131,Kasempa,ZM,-13.4584,25.8338,70.79,88,100,2.71,light rain
132,Qaanaaq,GL,77.484,-69.3632,0.9,83,98,3.83,overcast clouds
133,Yei,SS,4.095,30.6779,80.1,53,99,11.86,light rain
134,Pevek,RU,69.7008,170.3133,-14.13,97,44,6.6,scattered clouds
135,Acari,PE,-15.4311,-74.6158,82.4,54,75,9.33,broken clouds
136,Ilulissat,GL,69.2167,-51.1,19.42,63,40,1.14,scattered clouds
137,Manubul,PH,5.4732,120.7986,83.07,77,91,13.87,overcast clouds
138,Saldanha,ZA,-33.0117,17.9442,75.25,72,82,9.24,broken clouds
139,Kodiak,US,57.79,-152.4072,27.91,100,75,4.61,broken clouds
140,San Sebastian,ES,43.3128,-1.975,68.34,50,20,4.61,few clouds
141,Tasiilaq,GL,65.6145,-37.6368,24.4,79,34,4.23,scattered clouds
142,Coihaique,CL,-45.5752,-72.0662,61.41,59,75,5.75,broken clouds
143,Meridian,US,43.6121,-116.3915,56.52,59,0,5.75,clear sky
144,Libertador General San Martin,AR,-23.8064,-64.7876,83.97,32,0,4.81,clear sky
145,Lebu,CL,-37.6167,-73.65,61.61,68,86,7.36,overcast clouds
146,Kruisfontein,ZA,-34.0033,24.7314,64.89,77,96,9.17,overcast clouds
147,Kolvereid,NO,64.8655,11.6047,35.24,57,100,5.93,overcast clouds
148,High Prairie,CA,55.4334,-116.4858,24.51,87,94,7.16,overcast clouds
149,Chapais,CA,49.7834,-74.8492,29.98,93,100,4.83,overcast clouds
150,Natal,BR,-5.795,-35.2094,80.82,89,75,5.75,light rain
151,Kralendijk,BQ,12.15,-68.2667,85.98,66,40,23.02,scattered clouds
152,Souillac,MU,-20.5167,57.5167,80.98,83,40,4.61,scattered clouds
153,New Norfolk,AU,-42.7826,147.0587,58.91,81,2,2.46,clear sky
154,Pisco,PE,-13.7,-76.2167,74.01,60,0,6.91,clear sky
155,Posadas,AR,-27.3671,-55.8961,73.38,68,0,13.8,clear sky
156,Portoferraio,IT,42.8115,10.3146,65.68,30,40,2.3,scattered clouds
157,Ponnani,IN,10.767,75.9252,83.52,77,21,4.03,few clouds
158,Monmouth,US,40.3001,-74.1663,53.69,71,100,8.05,overcast clouds
159,Lagoa,PT,39.05,-27.9833,58.21,91,100,6.78,overcast clouds
160,Beringovskiy,RU,63.05,179.3167,-0.8,100,88,2.86,overcast clouds
161,North Bend,US,43.4065,-124.2243,53.17,91,100,3.44,overcast clouds
162,Yarada,IN,17.65,83.2667,84.52,79,20,6.91,mist
163,Baruun-Urt,MN,46.6806,113.2792,21.78,38,91,7.76,overcast clouds
164,Thompson,CA,55.7435,-97.8558,-9.24,59,0,11.5,clear sky
165,Clyde River,CA,70.4692,-68.5914,-3.77,84,100,4.61,light snow
166,Vaini,TO,-21.2,-175.2,73.56,88,20,5.75,few clouds
167,Sondrio,IT,46.169,9.8692,66.07,42,16,1.39,few clouds
168,Lasa,IT,46.6166,10.7002,60.37,62,22,1.23,few clouds
169,Winnemucca,US,40.973,-117.7357,51.85,43,0,0.0,clear sky
170,Namibe,AO,-15.1961,12.1522,77.2,66,13,15.52,few clouds
171,Fortuna,US,40.5982,-124.1573,52.93,92,0,8.05,clear sky
172,Kahului,US,20.8947,-156.47,70.84,91,75,12.66,moderate rain
173,Upernavik,GL,72.7868,-56.1549,8.49,90,100,3.06,overcast clouds
174,Muroran,JP,42.3172,140.9881,40.62,99,100,4.12,overcast clouds
175,Mehamn,NO,71.0357,27.8492,23.76,63,100,26.69,light snow
176,Itea,GR,38.4333,22.4167,64.0,54,1,3.22,clear sky
177,Sioux Lookout,CA,50.1001,-91.917,5.07,66,75,20.71,broken clouds
178,Ostrovnoy,RU,68.0531,39.5131,22.08,62,100,18.5,light snow
179,Havoysund,NO,70.9963,24.6622,26.83,58,100,20.8,light snow
180,Fuzhou,CN,26.0614,119.3061,57.09,92,100,3.71,overcast clouds
181,Sal Rei,CV,16.1833,-22.9167,73.6,60,20,11.5,few clouds
182,Wagar,SD,16.1525,36.2032,82.08,26,0,19.39,clear sky
183,Ketchikan,US,55.3422,-131.6461,39.67,93,75,11.5,broken clouds
184,Yellowknife,CA,62.456,-114.3525,-10.68,60,75,11.99,broken clouds
185,Nalut,LY,30.3333,10.85,81.59,9,69,24.79,broken clouds
186,Terra Santa,BR,-2.1042,-56.4869,83.25,81,58,5.06,broken clouds
187,Sherpur,BD,25.0188,90.0175,75.15,40,3,12.26,clear sky
188,Castro,BR,-24.7911,-50.0119,74.21,74,95,9.62,overcast clouds
189,Blind River,CA,46.1834,-82.9582,33.91,76,100,12.15,overcast clouds
190,Buraydah,SA,26.326,43.975,66.65,20,0,9.86,clear sky
191,Plettenberg Bay,ZA,-34.0527,23.3716,65.97,78,38,13.76,scattered clouds
192,Port Hardy,CA,50.6996,-127.4199,42.98,100,100,2.3,light rain
193,Atbasar,KZ,51.8,68.3333,20.43,87,100,18.41,overcast clouds
194,Irbeyskoye,RU,55.6428,95.4522,24.96,74,77,18.03,broken clouds
195,Abay,KZ,49.6311,72.8539,32.38,90,100,14.83,overcast clouds
196,Paamiut,GL,61.994,-49.6678,28.17,67,29,14.05,scattered clouds
197,Sola,VU,-13.8833,167.55,82.0,75,100,10.2,overcast clouds
198,Padang,ID,-0.9492,100.3543,76.23,74,6,4.14,clear sky
199,Rundu,NA,-17.9333,19.7667,80.01,49,64,4.63,broken clouds
200,Craig,US,40.5153,-107.5464,49.62,57,0,3.44,clear sky
201,Juybar,IR,36.6412,52.9124,53.69,80,74,7.25,broken clouds
202,Katsuura,JP,35.1333,140.3,64.6,94,100,35.97,overcast clouds
203,Asau,RO,46.4333,26.4,58.28,58,4,12.82,clear sky
204,Garmsar,IR,35.2182,52.3409,57.45,23,1,10.47,clear sky
205,Lavrentiya,RU,65.5833,-171.0,-2.36,100,96,3.76,overcast clouds
206,Denpasar,ID,-8.65,115.2167,82.06,88,40,5.75,scattered clouds
207,Saint-Augustin,CA,51.226,-58.6502,32.43,100,100,23.58,snow
208,Kyrksaeterora,NO,63.2906,9.0891,37.67,68,100,3.56,light rain
209,Pangai,TO,-19.8,-174.35,79.47,79,61,12.55,light rain
210,Salym,RU,60.0625,71.4789,14.47,92,19,7.63,few clouds
211,Wamba,NG,8.9333,8.6,103.5,9,24,11.83,few clouds
212,Santa Isabel Do Rio Negro,BR,-0.4139,-65.0192,81.84,91,100,2.86,overcast clouds
213,Poopo,BO,-18.3667,-66.9667,56.17,44,16,5.99,few clouds
214,Haines Junction,CA,60.7522,-137.5108,13.95,85,100,1.14,overcast clouds
215,Alofi,NU,-19.0595,-169.9187,78.69,89,100,9.22,overcast clouds
216,Lebanon,US,36.2081,-86.2911,55.45,31,0,11.5,clear sky
217,Hasaki,JP,35.7333,140.8333,64.8,91,100,39.35,overcast clouds
218,Baykit,RU,61.67,96.37,23.88,97,100,1.39,snow
219,Batemans Bay,AU,-35.7167,150.1833,64.09,93,59,4.09,broken clouds
220,Arraial Do Cabo,BR,-22.9661,-42.0278,93.16,62,0,12.66,clear sky
221,Longyearbyen,SJ,78.2186,15.6401,3.04,66,20,6.91,few clouds
222,Faanui,PF,-16.4833,-151.75,81.7,73,78,14.14,broken clouds
223,Newcastle,AU,-32.9272,151.7765,69.71,96,40,3.44,light rain
224,Nantucket,US,41.2835,-70.0995,52.14,72,75,10.36,broken clouds
225,Madison,US,34.7334,-86.5667,57.85,33,0,16.11,clear sky
226,Itoman,JP,26.1247,127.6694,68.02,83,100,8.05,overcast clouds
227,Urbano Santos,BR,-3.2078,-43.4036,86.13,69,67,3.58,broken clouds
228,Oranjemund,NA,-28.55,16.4333,64.47,73,0,10.94,clear sky
229,Zhigansk,RU,66.7697,123.3711,2.93,99,99,7.45,overcast clouds
230,Tuktoyaktuk,CA,69.4541,-133.0374,-14.8,70,75,16.11,broken clouds
231,Luan,CH,46.3592,6.9759,59.63,40,0,2.28,clear sky
232,Koumac,NC,-20.5667,164.2833,76.1,83,27,5.3,scattered clouds
233,Amazar,RU,53.858,120.875,13.84,96,100,3.96,overcast clouds
234,Luderitz,NA,-26.6481,15.1594,68.85,65,0,13.6,clear sky
235,Northam,GB,51.0333,-4.2167,55.83,71,0,11.95,clear sky
236,Znamenka,RU,52.4167,41.4311,38.17,94,100,21.3,moderate rain
237,Rosbach,DE,50.8,7.6167,66.25,49,6,8.5,clear sky
238,Martapura,ID,-3.4167,114.85,78.89,94,11,4.61,few clouds
239,Basoko,CD,1.2391,23.616,86.27,50,85,2.82,overcast clouds
240,Maragogi,BR,-9.0122,-35.2225,82.72,77,92,10.09,overcast clouds
241,Woodward,US,36.4337,-99.3904,58.96,38,0,12.66,clear sky
242,Pingliang,CN,35.5392,106.6861,43.61,26,37,3.69,scattered clouds
243,Quatre Cocos,MU,-20.2078,57.7625,81.09,78,4,7.87,clear sky
244,Hualmay,PE,-11.0964,-77.6139,74.97,71,98,9.15,overcast clouds
245,Iqaluit,CA,63.7506,-68.5145,22.73,79,75,21.85,broken clouds
246,Isilkul,RU,54.9109,71.2728,1.78,97,32,6.13,scattered clouds
247,Fort Walton Beach,US,30.4058,-86.6188,70.57,41,0,11.01,clear sky
248,Lomas De Sargentillo,EC,-1.8833,-80.0833,76.86,95,100,1.97,light rain
249,Yelizovo,RU,53.1873,158.3805,17.74,73,0,11.18,clear sky
250,Daru,PG,-9.0763,143.2092,78.85,85,97,4.97,moderate rain
251,Matamoros,MX,25.5333,-103.25,64.51,9,75,5.75,broken clouds
252,Manokwari,ID,-0.8667,134.0833,78.82,83,90,6.24,overcast clouds
253,Los Negros,BO,-17.7333,-63.4333,82.53,47,99,5.95,overcast clouds
254,Opuwo,NA,-18.0607,13.84,84.69,21,16,11.83,few clouds
255,Brigantine,US,39.4101,-74.3646,50.2,65,100,8.05,light rain
256,Saint-Gaudens,FR,43.0833,0.6667,59.02,67,100,4.09,overcast clouds
257,Chikwawa,MW,-16.0335,34.8009,82.92,75,89,4.16,overcast clouds
258,Cabo San Lucas,MX,22.8909,-109.9124,79.52,37,0,1.01,clear sky
259,Luwuk,ID,-0.9516,122.7875,76.66,83,81,2.95,broken clouds
260,Matara,LK,5.9485,80.5353,78.44,81,11,3.69,few clouds
261,Saint-Philippe,RE,-21.3585,55.7679,80.19,87,52,6.85,light rain
262,Tornio,FI,65.8481,24.1466,26.62,55,28,14.07,scattered clouds
263,Benguela,AO,-12.5763,13.4055,80.6,78,100,5.84,overcast clouds
264,Mwinilunga,ZM,-11.7358,24.4293,70.12,86,99,2.35,light rain
265,Payyannur,IN,12.1,75.2,81.34,80,27,4.0,scattered clouds
266,Kununurra,AU,-15.7667,128.7333,78.78,89,29,3.44,scattered clouds
267,Imeni Poliny Osipenko,RU,52.4201,136.4853,16.77,96,99,12.3,overcast clouds
268,Guerrero Negro,MX,27.9769,-114.0611,65.98,62,1,5.79,clear sky
269,Tautira,PF,-17.7333,-149.15,80.56,76,80,12.75,broken clouds
270,Grand-Lahou,CI,5.1367,-5.0242,85.12,70,99,12.15,overcast clouds
271,Bowen,AU,-20.0167,148.2333,77.88,77,100,8.03,overcast clouds
272,Hailar,CN,49.2,119.7,17.08,78,73,9.73,broken clouds
273,Norcasia,CO,5.5778,-74.8852,76.96,81,100,1.14,overcast clouds
274,Yaan,NG,7.3833,8.5667,104.16,8,63,3.38,broken clouds
275,Hella,NO,67.2,14.4333,32.14,65,20,5.75,few clouds
276,Miles City,US,46.4083,-105.8406,40.17,33,0,18.41,clear sky
277,Torbay,CA,47.6666,-52.7314,34.29,94,100,17.27,fog
278,Russell,US,32.3502,-85.1999,63.68,33,0,11.5,clear sky
279,Muromtsevo,RU,56.3724,75.2418,1.92,96,27,1.72,scattered clouds
280,Iquitos,PE,-3.7481,-73.2472,82.44,74,75,3.44,light rain
281,Severo-Kurilsk,RU,50.6789,156.125,22.51,78,9,3.62,clear sky
282,Amahai,ID,-3.3333,128.9167,77.92,84,99,4.03,overcast clouds
283,San Marcos,US,33.1434,-117.1661,80.87,74,100,1.01,mist
284,Machico,PT,32.7,-16.7667,68.05,84,75,13.8,broken clouds
285,Shimoda,JP,34.6667,138.95,61.11,97,100,21.65,overcast clouds
286,Koroni,GR,36.8,21.95,62.08,61,4,3.69,clear sky
287,Grindavik,IS,63.8424,-22.4338,46.87,100,100,26.46,mist
288,Kirakira,SB,-10.4544,161.9205,79.77,83,100,5.1,overcast clouds
289,Danilov,RU,58.1908,40.1717,30.54,87,82,8.99,broken clouds
290,Upata,VE,8.0086,-62.3989,84.9,52,95,8.41,overcast clouds
291,Staritsa,RU,56.5075,34.9354,33.55,81,82,14.0,light snow
292,Birao,CF,10.2849,22.7882,93.76,7,49,10.25,scattered clouds
293,Camacha,PT,33.0833,-16.3333,62.02,72,20,12.66,few clouds
294,Katangli,RU,51.7102,143.2326,27.9,97,100,12.06,overcast clouds
295,Lingao,CN,19.9103,109.6859,76.55,86,97,6.44,overcast clouds
296,Killybegs,IE,54.6333,-8.45,56.91,57,2,0.36,clear sky
297,Atikokan,CA,48.7555,-91.6216,9.77,76,100,13.89,overcast clouds
298,Thunder Bay,CA,48.4001,-89.3168,18.28,53,75,21.85,broken clouds
299,Birjand,IR,32.8663,59.2211,63.07,9,0,4.61,clear sky
300,Skjervoy,NO,70.0311,20.9714,24.8,55,100,19.71,light snow
301,Avera,US,33.194,-82.5271,60.91,32,0,18.01,clear sky
302,Awjilah,LY,29.1081,21.2869,71.26,14,0,11.18,clear sky
303,Chimoio,MZ,-19.1164,33.4833,75.06,100,75,6.91,thunderstorm
304,Grenada,ES,37.1882,-3.6067,57.9,67,75,4.61,broken clouds
305,Saint-Joseph,RE,-21.3667,55.6167,79.18,86,47,4.72,light rain
306,Eureka,US,40.8021,-124.1637,53.2,88,100,1.68,overcast clouds
307,Vitim,RU,59.4511,112.5578,10.02,98,100,3.33,overcast clouds
308,Puerto Escondido,MX,15.85,-97.0667,85.03,79,0,5.75,clear sky
309,Chokurdakh,RU,70.6333,147.9167,0.16,95,100,10.71,overcast clouds
310,Ust-Kalmanka,RU,52.1207,83.305,22.08,93,100,7.31,overcast clouds
311,Hami,CN,42.8,93.45,48.15,26,0,3.65,clear sky
312,Rockport,US,28.0206,-97.0544,79.03,70,0,16.11,clear sky
313,Karratha,AU,-20.7377,116.8463,84.72,64,83,14.72,broken clouds
314,Baghdad,IQ,33.3406,44.4009,58.91,36,20,3.44,few clouds
315,San Andres,CO,12.5847,-81.7006,84.22,61,40,10.36,scattered clouds
316,Atar,MR,20.5169,-13.0499,92.59,6,3,11.5,clear sky
317,Ponta Pora,BR,-22.5361,-55.7256,71.51,60,0,6.91,clear sky
318,Komsomolskiy,UZ,40.4272,71.7189,54.32,71,81,2.3,broken clouds
319,Kavaratti,IN,10.5669,72.642,82.96,65,1,0.96,clear sky
320,Peno,RU,56.9262,32.7426,30.2,91,82,15.28,light snow
321,Alindao,CF,5.0267,21.2088,88.63,31,100,7.16,overcast clouds
322,Owando,CG,-0.4819,15.8999,86.92,55,100,3.56,overcast clouds
323,Straumen,NO,63.8709,11.2999,37.4,67,96,9.31,overcast clouds
324,Nelson Bay,AU,-32.7167,152.15,72.0,96,68,10.6,light rain
325,Harper,LR,4.375,-7.7169,85.66,68,95,11.52,overcast clouds
326,Vestmannaeyjar,IS,63.4427,-20.2734,47.39,93,100,27.63,mist
327,Tangier,MA,35.7806,-5.8137,63.75,77,40,17.27,scattered clouds
328,Los Alamos,US,35.8881,-106.307,59.67,31,0,3.44,clear sky
329,Portland,US,45.5234,-122.6762,53.62,90,100,5.75,mist
330,Pampa,US,35.5362,-100.9599,58.57,47,0,13.8,clear sky
331,Matagami,CA,49.7502,-77.6328,32.11,93,100,13.8,light snow
332,Ewa Beach,US,21.3156,-158.0072,72.59,73,0,8.05,clear sky
333,Mar Del Plata,AR,-38.0023,-57.5575,67.08,100,100,20.0,light intensity drizzle
334,Chuy,UY,-33.6971,-53.4616,68.38,72,94,16.67,overcast clouds
335,Port Augusta,AU,-32.5,137.7667,68.43,52,0,6.29,clear sky
336,Chicama,PE,-7.8447,-79.1469,68.54,71,99,5.21,overcast clouds
337,Ulaangom,MN,49.9811,92.0667,1.22,82,16,5.91,few clouds
338,Kamaishi,JP,39.2667,141.8833,55.63,90,100,26.42,overcast clouds
339,Filadelfia,US,39.9523,-75.1638,53.98,51,75,16.11,broken clouds
340,Huanren,CN,41.2647,125.3667,37.27,69,31,2.39,scattered clouds
341,Fort Nelson,CA,58.8053,-122.7002,15.39,73,75,4.61,broken clouds
342,Tan An,VN,10.5333,106.4167,84.22,75,50,5.39,scattered clouds
343,Ahuimanu,US,21.4447,-157.8378,72.36,75,40,5.75,scattered clouds
344,Cherskiy,RU,68.75,161.3,-25.1,100,97,5.12,overcast clouds
345,Pinheiro Machado,BR,-31.5783,-53.3811,60.06,87,96,12.48,overcast clouds
346,Tahoua,NE,14.8888,5.2692,96.78,3,15,23.02,dust
347,Karpogory,RU,64.0019,44.4451,25.32,94,100,14.61,snow
348,Tuatapere,NZ,-46.1333,167.6833,51.31,91,66,2.51,broken clouds
349,Sao Gabriel Da Cachoeira,BR,-0.1303,-67.0892,78.87,91,100,3.11,light rain
350,Novikovo,RU,51.1537,37.8879,45.1,72,100,20.58,light rain
351,Ucluelet,CA,48.9329,-125.5528,46.09,88,100,10.31,overcast clouds
352,Paragominas,BR,-2.9667,-47.4833,82.85,75,92,5.41,overcast clouds
353,Rotenburg,DE,53.1167,9.4,52.32,76,95,11.88,overcast clouds
354,Aswan,EG,24.0934,32.907,73.02,16,0,14.0,clear sky
355,Rocha,UY,-34.4833,-54.3333,69.3,72,100,17.09,overcast clouds
356,Simbahan,PH,6.3032,120.5836,83.23,76,91,15.43,overcast clouds
357,Dunedin,NZ,-45.8742,170.5036,61.81,92,100,1.32,overcast clouds
358,San Quintin,MX,30.4833,-115.95,63.19,77,100,4.81,overcast clouds
359,Windsor,CA,42.3001,-83.0165,37.9,83,100,24.16,overcast clouds
360,Kokstad,ZA,-30.5472,29.4241,57.27,97,68,4.03,light rain
361,Bengkulu,ID,-3.8004,102.2655,79.09,83,100,6.55,overcast clouds
362,Douglas,US,41.3,-96.167,40.59,47,0,12.66,clear sky
363,Srivardhan,IN,18.0333,73.0167,80.69,74,90,3.0,overcast clouds
364,Caravelas,BR,-17.7125,-39.2481,87.49,53,83,8.79,broken clouds
365,Naze,JP,28.3667,129.4833,59.92,81,42,13.22,light rain
366,Seoul,KR,37.5683,126.9778,46.0,66,0,3.44,clear sky
367,Jutai,BR,-5.1833,-68.9,83.8,73,100,2.62,overcast clouds
368,Likhoslavl,RU,57.1275,35.464,32.32,88,80,14.23,light snow
369,Ambon,ID,-3.6954,128.1814,75.34,94,40,5.75,scattered clouds
370,Beloha,MG,-25.1667,45.05,73.81,80,40,9.4,scattered clouds
371,Tecoanapa,MX,16.5167,-98.75,84.96,35,100,3.09,overcast clouds
372,Paracuru,BR,-3.41,-39.0306,80.11,75,100,5.88,overcast clouds
373,Urambo,TZ,-5.0667,32.05,73.74,74,63,3.38,broken clouds
374,Saurimo,AO,-9.6608,20.3916,73.53,85,100,5.14,light rain
375,Svetlaya,RU,46.5389,138.3297,32.58,98,100,11.05,snow
376,Aneza,GR,39.0867,20.9233,60.75,61,3,5.57,clear sky
377,Kropotkin,RU,45.4375,40.5756,42.3,78,68,13.44,broken clouds
378,Agropoli,IT,40.3469,14.9966,66.47,44,82,2.06,broken clouds
379,Sampit,ID,-2.5333,112.95,76.08,94,26,2.8,light rain
380,Luancheng,CN,37.8792,114.6517,51.96,21,0,14.65,clear sky
381,Hovd,MN,48.0056,91.6419,27.97,37,21,3.02,few clouds
382,Santa Marta,CO,11.2408,-74.199,86.05,74,20,6.91,few clouds
383,Kasongo-Lunda,CD,-6.4667,16.8167,83.43,72,100,1.92,light rain
384,Shelburne,CA,44.0787,-80.2041,37.11,95,100,11.61,overcast clouds
385,Dunajska Streda,SK,47.9927,17.6121,66.31,33,0,8.52,clear sky
386,Cockburn Town,TC,21.4612,-71.1419,82.36,57,20,16.11,few clouds
387,Vestmanna,FO,62.1564,-7.1664,45.52,87,100,16.11,overcast clouds
388,Seymchan,RU,62.8833,152.4333,2.17,96,100,2.57,overcast clouds
389,Katherine,AU,-14.4667,132.2667,80.92,74,98,4.61,overcast clouds
390,La Ronge,CA,55.1001,-105.2842,-5.55,41,0,3.44,clear sky
391,Port Hedland,AU,-20.3167,118.5667,82.45,83,15,9.22,few clouds
392,Ndioum,SN,16.5129,-14.6471,100.29,9,35,8.63,scattered clouds
393,Saint Anthony,US,45.0205,-93.218,27.28,44,0,23.02,clear sky
394,Popondetta,PG,-8.7537,148.2534,73.35,97,100,2.86,overcast clouds
395,Vostochnyy,RU,55.8167,37.8667,37.38,74,58,12.24,broken clouds
396,Xuddur,SO,4.1213,43.8894,77.38,71,96,8.84,overcast clouds
397,Warmbad,NA,-28.45,18.7333,87.31,19,0,11.36,clear sky
398,San Patricio,US,28.017,-97.5169,80.69,35,0,10.02,clear sky
399,Poum,NC,-20.2333,164.0167,79.47,78,50,17.22,scattered clouds
400,Atambua,ID,-9.1061,124.8925,73.17,90,72,3.18,broken clouds
401,Barra Patuca,HN,15.8,-84.2833,81.9,61,86,8.72,overcast clouds
402,Mount Isa,AU,-20.7333,139.5,69.57,73,40,4.61,light rain
403,Tutoia,BR,-2.7619,-42.2744,83.41,71,99,8.86,overcast clouds
404,Keningau,MY,5.3378,116.1602,72.23,99,44,1.68,scattered clouds
405,Coahuayana,MX,18.7333,-103.6833,85.17,21,67,2.35,broken clouds
406,Snezhnogorsk,RU,69.1933,33.2531,20.98,68,84,15.59,broken clouds
407,Necochea,AR,-38.5473,-58.7368,62.62,91,100,19.1,overcast clouds
408,Mtimbira,TZ,-8.7833,36.35,78.06,83,42,0.92,scattered clouds
409,Bonthe,SL,7.5264,-12.505,86.36,64,63,12.77,broken clouds
410,Leshukonskoye,RU,64.8989,45.7622,22.78,93,100,16.04,snow
411,Olafsvik,IS,64.8945,-23.7142,42.31,87,100,26.35,overcast clouds
412,Cam Ranh,VN,11.9214,109.1591,80.56,83,20,1.14,few clouds
413,Warwick,US,41.7001,-71.4162,55.26,56,75,17.27,broken clouds
414,Ilhabela,BR,-23.7781,-45.3581,86.07,65,57,2.35,broken clouds
415,Cochrane,CA,51.1834,-114.4687,29.7,73,0,2.3,clear sky
416,Evensk,RU,61.95,159.2333,3.79,78,98,7.65,overcast clouds
417,Lompoc,US,34.6391,-120.4579,50.72,98,100,4.61,mist
418,Bethanien,NA,-26.502,17.1583,88.83,17,3,6.96,clear sky
419,Poso,ID,-1.3959,120.7524,78.33,78,100,5.68,overcast clouds
420,Pasni,PK,25.2631,63.471,78.31,67,0,13.42,clear sky
421,Victor Harbor,AU,-35.5667,138.6167,59.76,82,0,4.54,clear sky
422,Mangan,IN,27.5167,88.5333,66.61,54,9,5.55,clear sky
423,Ruteng,ID,-8.6136,120.4721,61.81,92,65,0.92,broken clouds
424,Caohai,CN,26.8661,104.2841,37.85,89,100,7.49,overcast clouds
425,Krasnoarmeysk,RU,51.0239,45.6969,36.14,86,59,17.11,broken clouds
426,George,ZA,-33.963,22.4617,63.95,72,20,16.11,few clouds
427,Darhan,MN,49.4867,105.9228,27.34,26,0,7.7,clear sky
428,Texarkana,US,33.4251,-94.0477,65.84,36,0,9.22,clear sky
429,Jozefow,PL,52.1371,21.2359,54.07,65,40,18.41,scattered clouds
430,Mayumba,GA,-3.432,10.6554,81.5,84,63,9.55,light rain
431,Rabaul,PG,-4.1967,152.1721,80.04,79,98,5.79,overcast clouds
432,Kizukuri,JP,40.8061,140.3861,55.94,82,100,19.73,overcast clouds
433,Dingle,PH,10.9995,122.6711,78.12,79,50,5.84,scattered clouds
434,Imbituba,BR,-28.24,-48.6703,74.71,61,21,8.7,few clouds
435,Verkhnyaya Inta,RU,65.9811,60.3094,-1.03,100,48,5.35,scattered clouds
436,Amapa,BR,1.0,-52.0,73.78,97,100,5.23,overcast clouds
437,Morondava,MG,-20.2833,44.2833,82.74,75,4,11.61,clear sky
438,Cotonou,BJ,6.3654,2.4183,87.28,71,45,9.17,scattered clouds
439,Tuxpan,MX,19.55,-103.4,76.77,15,70,1.57,broken clouds
440,Yeppoon,AU,-23.1333,150.7333,73.18,67,100,9.64,overcast clouds
441,Lata,PT,40.1629,-8.3327,70.48,47,95,8.46,overcast clouds
442,Kodinsk,RU,58.6881,99.1844,29.1,88,100,13.31,snow
443,Tamiahua,MX,21.2667,-97.45,74.46,48,39,7.96,scattered clouds
444,Bandarbeyla,SO,9.4942,50.8122,78.66,62,0,10.16,clear sky
445,Gondar,ET,12.6,37.4667,73.63,22,35,9.04,scattered clouds
446,Los Llanos De Aridane,ES,28.6585,-17.9182,64.15,63,40,18.41,scattered clouds
447,Alzamay,RU,55.5562,98.6644,27.57,80,100,15.95,light snow
448,Muana,BR,-1.5283,-49.2167,86.23,64,77,5.14,light rain
449,Carnarvon,AU,-24.8667,113.6333,77.07,73,75,8.05,broken clouds
450,Kiruna,SE,67.8557,20.2251,20.32,53,0,12.66,clear sky
451,Inirida,CO,3.8653,-67.9239,75.0,96,100,3.02,light rain
452,Rincon,US,32.296,-81.2354,67.96,42,0,19.57,clear sky
453,Chegdomyn,RU,51.1167,133.0167,20.48,92,100,2.77,overcast clouds
454,Veraval,IN,20.9,70.3667,79.07,70,4,9.22,clear sky
455,Khuzhir,RU,53.1939,107.3397,15.49,83,49,2.98,scattered clouds
456,Tezu,IN,27.9167,96.1667,68.52,71,97,3.51,light rain
457,Tual,ID,-5.6667,132.75,82.56,75,100,14.45,overcast clouds
458,Manzil Salim,TN,35.8567,8.4765,61.36,39,93,18.79,overcast clouds
459,Gazojak,TM,41.1875,61.4036,49.26,46,36,17.34,scattered clouds
460,Aksarka,RU,66.5606,67.7975,-3.06,99,83,7.81,broken clouds
461,Kudahuvadhoo,MV,2.6708,72.8944,82.26,67,0,6.49,clear sky
462,Andros Town,BS,24.7,-77.7667,76.96,49,24,12.53,few clouds
463,Disna,BY,55.568,28.1971,33.76,86,86,20.78,light snow
464,Axim,GH,4.8699,-2.2405,84.27,71,71,10.25,broken clouds
465,Vila Franca Do Campo,PT,37.7167,-25.4333,59.41,89,97,23.51,overcast clouds
466,Kaura Namoda,NG,12.5898,6.5779,96.96,8,30,16.75,scattered clouds
467,Cidreira,BR,-30.1811,-50.2056,73.65,58,47,13.38,scattered clouds
468,Meulaboh,ID,4.1363,96.1285,79.23,79,68,3.85,broken clouds
469,Acapulco,MX,16.8634,-99.8901,82.22,54,100,5.75,overcast clouds
470,Manaure,CO,11.7751,-72.4445,85.6,62,100,9.22,overcast clouds
471,Te Anau,NZ,-45.4167,167.7167,49.59,97,51,0.98,broken clouds
472,Pedasi,PA,7.5333,-80.0333,83.73,61,90,15.14,overcast clouds
473,Dibulla,CO,11.2725,-73.3091,83.79,69,99,9.37,overcast clouds
474,Piacabucu,BR,-10.4056,-36.4344,85.33,61,64,9.62,broken clouds
475,Taltal,CL,-25.4,-70.4833,70.43,66,1,7.45,clear sky
476,Kutum,SD,14.2,24.6667,70.47,12,67,15.73,broken clouds
477,Pitimbu,BR,-7.4706,-34.8086,81.19,73,98,8.68,overcast clouds
478,Magadan,RU,59.5667,150.8,-0.94,84,27,6.71,scattered clouds
479,Odienne,CI,9.51,-7.5692,89.37,43,99,8.61,overcast clouds
480,Vrangel,RU,42.7297,133.0839,35.17,85,2,8.7,clear sky
481,Cortez,US,37.3489,-108.5859,63.7,33,0,0.0,clear sky
482,Sitka,US,57.0531,-135.33,33.69,86,20,0.0,few clouds
483,Ixtapa,MX,20.7,-105.2,72.63,64,0,0.0,clear sky
484,Hofn,IS,64.2539,-15.2082,43.9,97,100,4.61,overcast clouds
485,Englewood,US,39.6478,-104.9878,69.84,22,75,9.22,broken clouds
486,Waipawa,NZ,-41.4122,175.5153,54.16,89,97,11.48,overcast clouds
487,Strezhevoy,RU,60.7333,77.5889,17.87,89,98,12.57,overcast clouds
488,Bogorodskoye,RU,56.55,37.8833,32.2,83,44,13.89,scattered clouds
489,Qianguo,CN,45.1171,124.8568,32.85,48,31,14.12,scattered clouds
490,Buin,CL,-33.7333,-70.75,72.05,27,0,8.61,clear sky
491,Autun,FR,46.95,4.3,58.46,59,0,4.76,clear sky
492,Bell Ville,AR,-32.6259,-62.6887,75.79,33,0,5.57,clear sky
493,Kattivakkam,IN,13.2167,80.3167,86.09,88,11,11.27,few clouds
494,Tabas,IR,33.5959,56.9244,64.09,14,0,10.74,clear sky
495,Rosarito,MX,32.3333,-117.0333,61.09,71,96,5.53,overcast clouds
496,Sao Miguel Do Araguaia,BR,-13.275,-50.1628,88.3,55,54,3.47,broken clouds
497,Viedma,AR,-40.8135,-62.9967,72.36,28,45,8.01,scattered clouds
498,Mogadishu,SO,2.0371,45.3438,82.38,77,71,10.92,broken clouds
499,Sorong,ID,-0.8833,131.25,79.34,82,84,3.67,broken clouds
500,Milkovo,RU,54.7167,158.6167,4.75,89,9,4.61,clear sky
501,Petropavlovsk-Kamchatskiy,RU,53.0452,158.6483,16.39,73,0,11.18,clear sky
502,The Valley,AI,18.217,-63.0578,83.1,73,40,13.8,scattered clouds
503,Miyang,CN,24.4042,103.4428,61.54,61,32,2.48,scattered clouds
504,Colon,PA,9.3592,-79.9014,85.87,67,96,12.3,overcast clouds
505,Asosa,ET,10.0667,34.5333,79.02,17,92,6.04,overcast clouds
506,Pompeia,BR,-22.1086,-50.1717,77.45,77,93,8.25,overcast clouds
507,Grand Gaube,MU,-20.0064,57.6608,81.37,80,1,1.99,clear sky
508,Indianola,US,41.3581,-93.5574,36.09,42,23,17.72,few clouds
509,Tucurui,BR,-3.7661,-49.6725,84.16,78,83,4.18,broken clouds
510,Palmer,US,42.1584,-72.3287,52.92,49,75,8.05,broken clouds
511,Jiuquan,CN,39.7432,98.5174,40.01,25,51,4.0,broken clouds
512,Bastia,FR,42.6667,9.3333,60.6,58,0,8.05,clear sky
513,Puerto Leguizamo,CO,-0.1934,-74.7819,74.62,95,100,0.51,overcast clouds
514,Mitsamiouli,KM,-11.3847,43.2844,82.69,89,20,2.3,few clouds
515,Ormara,PK,25.2088,64.6357,78.91,68,0,13.2,clear sky
516,Marshfield,US,44.6689,-90.1718,21.65,63,100,24.16,overcast clouds
517,Quang Ngai,VN,15.1167,108.8,74.25,82,47,3.87,scattered clouds
518,Husavik,IS,66.0449,-17.3389,42.55,92,100,15.95,overcast clouds
519,Port Lincoln,AU,-34.7333,135.8667,63.91,80,12,7.05,few clouds
520,Kavkazskiy,RU,44.2672,42.2347,33.37,87,100,7.45,overcast clouds
521,Leningradskiy,RU,69.3833,178.4167,-11.2,87,30,5.79,scattered clouds
522,Chaplynka,UA,46.3651,33.5403,43.23,68,1,16.42,clear sky
523,Sao Joao Da Barra,BR,-21.6403,-41.0511,93.29,76,62,13.53,broken clouds
524,Yumen,CN,40.2833,97.2,41.4,27,39,8.97,scattered clouds
525,Villa Carlos Paz,AR,-31.4241,-64.4978,78.06,25,0,18.01,clear sky
526,Sombrio,BR,-29.1139,-49.6167,74.93,45,0,8.88,clear sky
527,Kailua,US,21.4022,-157.7394,72.64,76,37,3.0,scattered clouds
528,Mvangue,CM,2.9667,11.5167,80.15,49,100,1.97,overcast clouds
529,Great Falls,US,47.5002,-111.3008,37.6,47,75,3.44,broken clouds
530,Daman,IN,20.4167,72.85,79.38,77,1,9.31,clear sky
531,Kuusankoski,FI,60.907,26.6244,28.92,73,75,25.32,broken clouds
532,Trelew,AR,-43.249,-65.3051,79.92,14,54,17.49,broken clouds
533,Erzin,TR,36.9559,36.2,45.19,89,97,1.43,light rain
534,Tarakan,ID,3.3,117.6333,80.1,89,40,2.3,scattered clouds
535,Kondapalle,IN,16.6167,80.5333,81.45,74,14,8.32,few clouds
536,Sechura,PE,-5.5569,-80.8222,77.07,63,100,1.81,overcast clouds
537,Unguia,CO,8.0434,-77.0945,84.22,68,97,5.12,overcast clouds
538,Tanete,ID,-3.9443,119.7848,76.05,92,75,0.85,broken clouds
539,Senneterre,CA,48.3835,-77.2328,33.91,100,100,3.83,light snow
540,Hamilton,US,39.1834,-84.5333,38.25,71,100,19.57,overcast clouds
541,Cumberland,US,35.0502,-78.8664,63.1,33,20,18.41,few clouds
542,Shamli,IN,29.45,77.3167,75.83,12,0,8.66,clear sky
543,Cayenne,GF,4.9333,-52.3333,84.24,1,100,19.57,overcast clouds
544,Sawakin,SD,19.1059,37.3321,72.84,57,0,14.36,clear sky
545,Honiara,SB,-9.4333,159.95,75.76,96,100,3.15,heavy intensity rain
546,Krokos,GR,40.2667,21.8167,60.93,18,9,3.44,clear sky
547,Duluth,US,46.7833,-92.1066,24.57,54,40,18.41,scattered clouds
548,Deniliquin,AU,-35.5333,144.9667,64.26,61,0,7.14,clear sky
549,Zerbst,DE,51.9667,12.0833,61.86,58,96,7.11,overcast clouds
550,Machiques,VE,10.0644,-72.545,94.55,42,77,4.5,broken clouds
551,Pandan,PH,14.0453,124.1694,79.14,84,70,6.62,broken clouds
552,Villarrica,PY,-25.75,-56.4333,75.16,57,0,3.22,clear sky
553,Aripuana,BR,-9.1667,-60.6333,86.74,70,86,2.06,overcast clouds
554,Lieksa,FI,63.3167,30.0167,21.97,65,100,22.55,overcast clouds
555,Labuhan,ID,-6.8844,112.2051,76.87,89,99,9.73,overcast clouds
556,Chaozhou,CN,23.6651,116.6379,73.26,90,84,6.53,broken clouds
557,Tevaitoa,PF,-16.7833,-151.5,81.61,73,69,14.7,broken clouds
558,Wajir,KE,1.7471,40.0573,85.96,62,40,11.5,scattered clouds
559,Sorland,NO,67.667,12.6934,32.32,54,100,7.02,overcast clouds
560,Eldorado,BR,-23.7869,-54.2836,77.65,37,74,4.43,broken clouds
561,Primorsk,UA,46.7348,36.3443,45.75,56,4,21.7,clear sky
562,Nouadhibou,MR,20.931,-17.0347,69.78,64,0,17.27,clear sky
563,Bol,TD,13.4586,14.7147,85.1,32,98,15.95,overcast clouds
564,Esso,RU,55.9333,158.7,-2.52,98,66,6.2,broken clouds
565,Verkh-Neyvinskiy,RU,57.2701,60.1376,17.78,90,96,9.57,overcast clouds
566,Kloulklubed,PW,7.0419,134.2556,79.3,76,100,19.06,moderate rain
567,Cairns,AU,-16.9167,145.7667,74.07,96,99,8.05,light rain
568,Tadine,NC,-21.55,167.8833,75.06,74,60,9.04,broken clouds
569,Havre,FR,49.5833,0.3333,63.0,44,20,14.97,few clouds
570,Kulhudhuffushi,MV,6.6221,73.07,82.29,65,0,4.47,clear sky
571,Tuy Hoa,VN,13.0833,109.3,76.8,90,4,3.24,clear sky
572,Booue,GA,-0.0921,11.9385,81.77,74,100,4.76,light rain
573,Egvekinot,RU,66.3167,-179.1667,5.2,97,100,0.45,light snow
574,Bilma,NE,18.6853,12.9164,84.16,8,95,7.45,overcast clouds
575,Sindou,BF,10.6667,-5.1667,94.15,29,95,5.03,overcast clouds
576,Corrente,BR,-3.7367,-43.3394,87.51,60,77,4.36,broken clouds
577,Broome,US,42.2506,-75.833,46.69,76,100,10.36,light rain
578,Tarauaca,BR,-8.1614,-70.7656,77.58,90,100,1.41,overcast clouds
579,Dongsheng,CN,39.8161,109.9776,27.28,31,0,5.59,clear sky
580,Providencia,MX,28.7167,-111.5833,84.2,22,32,6.64,scattered clouds
581,Korla,CN,41.7597,86.1469,48.81,42,1,5.93,clear sky
582,Roald,NO,62.5833,6.1333,44.33,56,75,2.3,light rain
583,Tynda,RU,55.1667,124.7167,0.88,98,96,2.82,overcast clouds
584,Havre-Saint-Pierre,CA,50.2334,-63.5986,32.36,93,100,23.02,overcast clouds
585,Westport,US,41.1415,-73.3579,53.74,59,0,13.8,clear sky
586,Komoro,JP,36.3167,138.4333,52.74,86,100,1.01,light rain
587,Ngunguru,NZ,-35.6167,174.5,61.09,85,6,4.81,clear sky
588,Fare,PF,-16.7,-151.0167,81.59,72,91,13.85,overcast clouds
589,Brenham,US,30.1669,-96.3977,76.05,42,0,6.91,clear sky
590,Mehriz,IR,31.5917,54.4318,63.1,9,0,3.51,clear sky
591,Valparaiso,CL,-33.0393,-71.6273,62.47,76,100,6.91,overcast clouds
592,Port Moresby,PG,-9.4431,147.1797,74.62,100,75,3.44,broken clouds
593,Mercedes,AR,-34.6515,-59.4307,71.64,56,67,13.51,broken clouds
594,Jalingo,NG,8.8833,11.3667,100.49,9,65,9.46,broken clouds
595,Harer,ET,9.3094,42.1258,65.26,70,99,15.39,overcast clouds
596,Japoata,BR,-10.3467,-36.8011,84.85,60,92,9.35,overcast clouds
597,Orsha,BY,54.5153,30.4053,34.02,81,77,22.41,broken clouds
598,Jalu,LY,29.0331,21.5482,66.52,16,0,10.02,clear sky
599,Terrace Bay,CA,48.7834,-87.1,16.54,76,100,17.2,overcast clouds
600,Banda Aceh,ID,5.5577,95.3222,80.92,79,35,5.68,scattered clouds
601,Nioro,GM,13.35,-15.75,100.87,12,36,6.04,scattered clouds
602,Udachnyy,RU,66.4167,112.4,-3.75,100,85,4.16,overcast clouds
603,Dwarka,IN,22.2394,68.9678,80.11,66,0,11.95,clear sky
604,Murgab,TM,37.4966,61.9714,53.47,54,0,4.61,clear sky
605,Sinnamary,GF,5.3833,-52.95,81.09,73,98,13.04,overcast clouds
606,Taiyuan,CN,37.8694,112.5603,44.46,13,0,11.18,clear sky
607,Vieste,IT,41.8825,16.175,57.11,63,35,5.1,scattered clouds
608,Tazovskiy,RU,67.4667,78.7,11.52,94,100,15.88,overcast clouds
609,Abu Dhabi,AE,24.4667,54.3667,77.11,62,0,9.22,clear sky
610,Beibei,CN,29.8256,106.4339,57.24,94,100,2.21,overcast clouds
611,Verkhnevilyuysk,RU,63.4453,120.3167,11.98,98,100,2.13,overcast clouds
612,Ulagan,RU,50.6321,87.9563,15.62,87,100,3.11,overcast clouds
613,Kuvshinovo,RU,57.0295,34.1725,28.89,89,84,15.12,light snow
614,Kalmunai,LK,7.4167,81.8167,79.56,82,21,6.6,few clouds
615,Constantine,DZ,36.365,6.6147,67.41,42,2,13.8,clear sky
616,Ozinki,RU,51.1786,49.6769,23.2,96,79,9.57,broken clouds
617,Rio Grande,BR,-32.035,-52.0986,75.31,53,68,17.31,broken clouds
618,Porto Belo,BR,-27.1578,-48.5531,84.79,58,66,5.99,broken clouds
619,Adrar,MR,20.5022,-10.0711,89.24,11,1,7.94,clear sky
620,Tegh,AM,39.5579,46.4772,29.43,95,90,2.51,overcast clouds
621,Laguna,US,38.421,-121.4238,69.01,73,0,4.61,clear sky
622,Nacala,MZ,-14.5428,40.6728,78.89,84,20,3.13,few clouds
623,Gainesville,US,29.6516,-82.3248,72.01,42,0,6.91,clear sky
624,Gisborne,NZ,-38.6533,178.0042,59.86,89,100,18.63,overcast clouds
625,Tekeli,KZ,44.83,78.8239,38.91,81,100,5.28,overcast clouds
626,Binga,ZW,-17.6203,27.3414,78.35,72,32,2.89,scattered clouds
627,Tokur,RU,53.1333,132.9,13.55,82,100,6.29,overcast clouds
628,Kamenka,RU,51.3223,42.7678,39.04,85,100,19.22,overcast clouds
629,Visby,SE,57.6409,18.296,41.22,56,41,13.8,scattered clouds
630,Alice Springs,AU,-23.7,133.8833,58.55,47,6,0.0,clear sky
631,Visnes,NO,59.3556,5.2242,46.81,70,0,11.5,clear sky
632,Nemuro,JP,43.3236,145.575,42.08,97,100,38.39,light rain
633,Vao,NC,-22.6667,167.4833,76.03,76,77,14.34,broken clouds
634,Vila Do Maio,CV,15.1333,-23.2167,77.79,76,31,14.2,scattered clouds
635,Homnabad,IN,17.7667,77.1333,86.97,30,71,4.34,broken clouds
636,Sobolevo,RU,54.4299,31.8996,31.98,95,91,18.43,light snow
637,Juneau,US,58.3019,-134.4197,36.21,98,75,0.0,fog
638,Ranau,MY,5.9538,116.6641,70.32,97,50,0.67,scattered clouds
639,Ancud,CL,-41.8697,-73.8203,55.22,89,100,16.87,light rain
640,Durango,MX,24.8333,-104.8333,67.14,6,98,5.84,overcast clouds
641,Aklavik,CA,68.2191,-135.0107,-9.4,70,20,6.91,few clouds
642,Nishihara,JP,26.1842,127.7558,67.28,83,100,8.05,overcast clouds
643,Eyl,SO,7.9803,49.8164,78.69,63,0,17.09,clear sky
644,Tessalit,ML,20.1986,1.0114,97.83,8,79,15.77,broken clouds
645,Napasar,IN,27.9667,73.55,83.8,8,0,2.1,clear sky
646,Mokhotlong,LS,-29.2894,29.0675,52.65,64,15,6.29,few clouds
647,Malatya,TR,38.5,38.0,35.65,75,100,17.27,overcast clouds
648,Alasehir,TR,38.3508,28.5172,47.44,57,0,5.99,clear sky
649,Tahe,CN,52.3333,124.7333,19.27,98,100,2.98,overcast clouds
650,Jacareacanga,BR,-6.2222,-57.7528,89.28,61,64,2.77,broken clouds
651,Fengcheng,CN,40.4536,124.0717,42.31,50,29,7.31,scattered clouds
652,Isangel,VU,-19.55,169.2667,76.69,80,71,7.29,broken clouds
653,Rivera,UY,-30.9053,-55.5508,68.94,68,95,14.07,overcast clouds
654,Barmer,IN,25.75,71.3833,83.91,11,0,4.68,clear sky
655,Fairbanks,US,64.8378,-147.7164,18.09,75,75,3.44,broken clouds
656,Cheb,CZ,50.0796,12.3739,59.32,47,7,5.23,clear sky
657,Thinadhoo,MV,0.5333,72.9333,82.92,68,0,11.32,clear sky
658,Costa Rica,BR,-23.4167,-54.65,77.77,36,89,4.99,overcast clouds
659,San Pedro De Ycuamandiyu,PY,-24.0917,-57.0764,81.64,33,0,3.8,clear sky
660,Pocatello,US,42.8713,-112.4455,54.18,51,0,0.0,clear sky
661,Guilin,CN,25.2819,110.2864,59.11,78,75,10.27,broken clouds
662,Kokopo,PG,-4.352,152.2633,77.11,85,98,5.84,overcast clouds
663,Humaita,BR,-7.5061,-63.0208,82.74,87,96,2.1,overcast clouds
664,Truckee,US,39.328,-120.1833,58.15,61,99,1.99,overcast clouds
665,Tengzhou,CN,35.0771,117.1518,50.95,67,98,8.05,overcast clouds
666,Mittersill,AT,47.2667,12.4833,50.61,87,47,3.15,scattered clouds
667,Dhangadhi,NP,28.7079,80.5961,75.29,15,0,2.64,clear sky
668,Xai-Xai,MZ,-25.0519,33.6442,69.82,90,100,1.23,overcast clouds
669,Caronport,CA,50.4501,-105.8179,19.58,52,100,11.1,overcast clouds
670,Lang Suan,TH,9.9456,99.0785,78.26,88,4,3.76,clear sky
671,Grootfontein,NA,-19.5667,18.1167,74.3,36,11,6.55,few clouds
672,Batagay-Alyta,RU,67.8006,130.4114,-1.17,88,100,4.88,overcast clouds
673,Berlevag,NO,70.8578,29.0864,21.0,62,100,28.99,light snow
674,Santa Vitoria Do Palmar,BR,-33.5189,-53.3681,68.27,72,92,15.23,overcast clouds
675,Dicabisagan,PH,17.0818,122.4157,78.44,87,3,3.91,clear sky
676,Chaupal,IN,30.95,77.5833,49.57,35,0,5.82,clear sky
677,Ganzhou,CN,28.8184,115.4327,54.68,91,100,2.82,overcast clouds
678,Marsa Matruh,EG,31.3525,27.2453,59.85,62,0,12.8,clear sky
679,Norrtalje,SE,59.758,18.705,39.38,56,30,14.9,scattered clouds
680,Juazeiro,BR,-9.4117,-40.4986,87.98,51,75,11.5,light rain
681,Hokitika,NZ,-42.7167,170.9667,56.91,70,26,4.74,scattered clouds
682,Havelock,US,34.8791,-76.9013,62.98,42,0,17.27,clear sky
683,San Blas,MX,21.5167,-105.2667,84.09,29,13,6.51,few clouds
684,Diapaga,BF,12.0708,1.7889,103.35,7,51,10.4,broken clouds
685,Haapiti,PF,-17.5667,-149.8667,76.73,71,98,14.32,overcast clouds
686,Biloela,AU,-24.4167,150.5,67.71,79,84,4.14,broken clouds
687,Bend,US,44.0582,-121.3153,52.86,53,0,7.0,clear sky
688,Diourbel,SN,14.6628,-16.3925,100.38,20,0,6.91,clear sky
689,Dawson Creek,CA,55.7666,-120.2362,26.24,80,100,3.44,overcast clouds
690,Krasnoselkup,RU,65.7,82.4667,11.7,92,100,20.51,overcast clouds
691,Bay City,US,43.5945,-83.8889,33.91,80,100,20.71,overcast clouds
692,Varzea Da Palma,BR,-17.5981,-44.7308,95.31,30,38,1.25,scattered clouds
693,Mahon,ES,39.8885,4.2658,55.96,94,75,12.66,moderate rain
694,Roros,NO,62.5747,11.3842,28.24,64,100,4.61,light snow
695,Kapuskasing,CA,49.4169,-82.4331,15.89,73,100,20.71,overcast clouds
